{"cameraMode":{"drawMode":0,"name":"Shaded","section":"Shading Mode"},"sceneLighting":true,"audioPlay":false,"sceneViewState":{"showFog":true,"showMaterialUpdate":false,"showSkybox":true,"showFlares":true,"showImageEffects":true,"showParticleSystems":true},"in2DMode":false,"pivot":{"x":-13.560510635375977,"y":0.43602871894836428,"z":14.113897323608399},"rotation":{"x":0.03436701372265816,"y":-0.08535321801900864,"z":0.0029700479935854675,"w":0.9957890510559082},"size":24.410541534423829,"orthographic":true}